,y_act,Reason,Attribute_name,Total_val,num of dist_val,% nans,max_val,mean,min_val,std_dev,sample_1,sample_2,sample_3,sample_4,sample_5
0,Usable Directly Numeric,a,LOCATION,310579,285,5.988492461,0.0,0.0,0.0,0.0,,"(41.97562073966174, -87.72838313514907)","(41.90999558160536, -87.72639469321471)","(41.95302475075328, -87.78668323766634)","(41.83773267497158, -87.66589444999927)"
1,Usable Directly Numeric,a,distance,258,126,0.0,0.0,0.0,0.0,0.0,28,12,"11,2","12,9","18,5"
2,Usable Directly Numeric,a,temp_inside,258,11,3.488372093,0.0,0.0,0.0,0.0,"21,5","22,5",20,,21
3,Usable Directly Numeric,a,average_review_rating,10000,19,,0.0,0.0,0.0,0.0,4.9 out of 5 stars,4.5 out of 5 stars,3.9 out of 5 stars,5.0 out of 5 stars,4.7 out of 5 stars
4,Usable Directly Numeric,,Main Source of Income,41544,3,,0.0,0.0,0.0,0.0,Wage/Salaries,Other sources of Income,Enterpreneurial Activities,Wage/Salaries,Wage/Salaries
5,Usable Directly Numeric,,install_size_kw_buckets,48722,48530,,0.0,0.0,0.0,0.0,[[0171][5231][10114][1545][2016][252][352][451][601][702][801]],[[060][550][1024][1518][2023][2515][3012][3515][4012][458][507][5514][602][655][707][753][802][853][905][955][1003][1054][1104][1153][1202][1252][1302][1352][1402][1451][1552][1602][1652][1751][1804][1853][1901][1951][2001][2052][2151][2251][2301][2353][2402][2501][2551][2601][2702][2751][2951][3001][3152][3251][3401][3551][3701][3851][4152][4501][5152][5501][6151][6501][8051][8651][9901][9951]],[[0364][5313][1057][1513][207][258][305][351][452][502][553][603][752][851][901][1101][1251][1651][2451][3401][7251]],[[0320][567][1020][1512][251][302][351][401][452][551][651][801][851][1951][10001]],[[0125][5219][10227][15124][2039][2520][3015][3510][409][456][506][551][603][703][753][1002][1151][1301][1351][1451][1601][2052][2451][2551][2651][3251][3601][4001][4201][5751]]
6,Usable Directly Numeric,,location,188462,160187,,0.0,0.0,0.0,0.0,(37.7216893346731 -122.430482526944),(37.8042860176436 -122.435150585742),(37.7647299507493 -122.446671573844),(37.7697365039652 -122.417760336994),(37.7583327223052 -122.412354747671)
7,Usable Directly Numeric,a,educ37,9597,2,99.96874023,2.0,0.666666667,0.0,0.942809042,,False,2,False,
